aa,hydropathy,charge,polarity,volume,strength,mjenergy,kf1,kf2,kf3,kf4,kf5,kf6,kf7,kf8,kf9,kf10,rim,surface,turn,alpha,beta,core,disorder,n2strength,n2hydrophobicity,n2volume,n2surface
A,1.8,0,0,67,0,-2.8455,-1.56,-1.67,-0.97,0.27,-0.93,-0.78,-0.2,-0.08,0.21,-0.48,0.047,0.065,0.78,1.29,0.9,0.049,0,0.566,-0.172,0.411,0.730
C,2.5,0,0,86,1,-3.782,0.12,-0.89,0.45,-1.05,-0.71,2.41,1.52,-0.69,1.13,1.1,0.015,0.015,0.8,1.11,0.74,0.02,-1,0.753,0.669,0.528,0.169
D,-3.5,-1,1,91,0,-2.116,0.58,-0.22,-1.58,0.81,-0.92,0.15,-1.52,0.47,0.76,0.7,0.071,0.074,1.41,1.04,0.72,0.051,1,0.421,-0.516,0.558,0.831
E,-3.5,-1,1,109,0,-2.141,-1.45,0.19,-1.61,1.17,-1.31,0.4,0.04,0.38,-0.35,-0.12,0.094,0.089,1,1.44,0.75,0.051,1,0.426,-0.745,0.669,1.000
F,2.8,0,0,135,1,-5.017,-0.21,0.98,-0.36,-1.43,0.22,-0.81,0.67,1.1,1.71,-0.44,0.021,0.029,0.58,1.07,1.32,0.051,-1,0.999,0.911,0.828,0.326
G,-0.4,0,0,48,0,-2.499,1.46,-1.96,-0.23,-0.16,0.1,-0.11,1.32,2.36,-1.66,0.46,0.071,0.07,1.64,0.56,0.92,0.06,1,0.498,0.102,0.294,0.787
H,-3.2,1,1,118,0,-2.927,-0.41,0.52,-0.28,0.28,1.61,1.01,-1.85,0.47,1.13,1.63,0.022,0.025,0.69,1.22,1.08,0.034,-1,0.583,-0.178,0.724,0.281
I,4.5,0,0,124,1,-4.641,-0.73,-0.16,1.79,-0.77,-0.54,0.03,-0.83,0.51,0.66,-1.78,0.032,0.035,0.51,0.97,1.45,0.047,-1,0.924,0.490,0.761,0.393
K,-3.9,1,1,135,0,-1.789,-0.34,0.82,-0.23,1.7,1.54,-1.62,1.15,-0.08,-0.48,0.6,0.105,0.08,0.96,1.23,0.77,0.05,1,0.356,-1.083,0.828,0.899
L,3.8,0,0,124,1,-5.023,-1.04,0,-0.24,-1.1,-0.55,-2.05,0.96,-0.76,0.45,0.93,0.052,0.063,0.59,1.3,1.02,0.078,-1,1.000,0.701,0.761,0.708
M,1.9,0,0,124,1,-4.1915,-1.4,0.18,-0.42,-0.73,2,1.52,0.26,0.11,-1.27,0.27,0.017,0.016,0.39,1.47,0.97,0.027,1,0.834,0.465,0.761,0.180
N,-3.5,0,1,96,0,-2.349,1.14,-0.07,-0.12,0.81,0.18,0.37,-0.09,1.23,1.1,-1.73,0.062,0.053,1.28,0.9,0.76,0.058,1,0.468,-0.516,0.589,0.596
P,-1.6,0,0,90,0,-2.443,2.06,-0.33,-1.15,-0.75,0.88,-0.45,0.3,-2.3,0.74,-0.28,0.052,0.054,1.91,0.52,0.64,0.051,1,0.486,0.478,0.552,0.607
Q,-3.5,0,1,114,0,-2.2505,-0.47,0.24,0.07,1.1,1.1,0.59,0.84,-0.71,-0.03,-2.33,0.053,0.051,0.97,1.27,0.8,0.051,1,0.448,-0.701,0.699,0.573
R,-4.5,1,1,148,0,-2.402,0.22,1.27,1.37,1.87,-1.7,0.46,0.92,-0.39,0.23,0.93,0.068,0.059,0.88,0.96,0.99,0.066,1,0.478,-1.191,0.908,0.663
S,-0.8,0,1,73,0,-2.308,0.81,-1.08,0.16,0.42,-0.21,-0.43,-1.89,-1.15,-0.97,-0.23,0.072,0.071,1.33,0.82,0.95,0.057,1,0.459,-0.268,0.448,0.798
T,-0.7,0,1,93,0,-2.6145,0.26,-0.7,1.21,0.63,-0.1,0.21,0.24,-1.15,-0.56,0.19,0.064,0.065,1.03,0.82,1.21,0.064,0,0.521,-0.401,0.571,0.730
V,4.2,0,0,105,1,-4.093,-0.74,-0.71,2.04,-0.4,0.5,-0.81,-1.07,0.06,-0.46,0.65,0.048,0.048,0.47,0.91,1.49,0.049,-1,0.815,0.255,0.644,0.539
W,-0.9,0,0,163,1,-4.1375,0.3,2.1,-0.72,-1.57,-1.16,0.57,-0.48,-0.4,-2.3,-0.6,0.007,0.012,0.75,0.99,1.14,0.022,-1,0.824,1.000,1.000,0.135
Y,-1.3,0,1,141,1,-3.7505,1.38,1.48,0.8,-0.56,0,-0.68,-0.31,1.03,-0.05,0.53,0.032,0.033,1.05,0.72,1.25,0.07,-1,0.747,0.357,0.865,0.371
